artsutrade.com,Arts U Trade
artsyoutrade.com,Arts You Trade
artufound.com,Art You Found
artusell.net,Art You Sell
artuswap.com,Art You Swap
artuswap.mobi,Art You Swap
artuswap.net,Art You Swap
artutrade.mobi,Art You Trade
artutrade.net,Art You Trade
artutrade.org,Art You Trade
carsutrade.com,Cars You Trade
carsutrade.net,Cars You Trade
carsyoutrade.com,Carts You Trade
carutrade.com,Carts U Trade
homesutrade.com,Homes U Trade
homesutrade.net,Homes U Trade
homesyoutrade.com,Homes You Trade
jobsutrade.com,Jobs U Trade
jobsutrade.net,Jobs U Trade
jobsyoutrade.com,Jobs You Trade
jobsyoutrade.net,Jobs You Trade
jobutrade.com,Jobs U Trade
landsutrade.com,Land U Trade
landutrade.com,Land U Trade
landutrade.net,Land U Trade
landyoutrade.com,Land You Trade
myartswap.com,My Art Swap
myarttrade.com,My Art Trade
realestateutrade.com,Real Estate You Trade
realestateutrade.net,Real Estate You Trade
realestateyoutrade.com,Real Estate You Trade
umakethetrade.com,U Make The Trade
acepowell.com,Ace Powell
agnessims.com,Agness Sims
agnestait.com,Agnes Tain
albertbierstadtpaintings.com,Albert Biers Tadt Paintings
albertloreygroll.com,Albert Lorey Groll
albertschmidt.com,Albert Schmidt
alexandrehogue.com,Alex and Rehuge
alfredmorang.com,Alfred Morang
alfredmorangpaintings.com,Alfred Morang Paintings
alicecleaver.com,Alice Cleaver
andrewdasburg.com,Andrew As Burg
annaelizabethkeener.com,Anna Elizabeth Keener
armincarlhansen.com,Armin Carl Hansen
arthurhaddock.com,Art HurHaddock
astleycooper.com,Astley Cooper
audleydeannicols.com,Audley Dean nicols
augustusdunbierpaintings.com,Augustus Dun Bier Paintings
barbaralatham.com,Barbara Latham
benturnerpaintings.com,Ben Turner Paintings
berthastringerlee.com,Bert Hastringer Lee
bertphillips.com,Bert Phillips
birgersandzenpaintings.com,Birgers and Zen Paintings
bjonordfeldtpaintings.com,Bjonord Feldt Paintings
buckdunton.com,Buck Dunton
byronwolfepaintings.com,Byron Wolf E-Paintings
carlhoerman.com,Carl Hoerman
carloscarborgpaintings.com,Carlon Carborg Paintings
carlosvierra.com,Carlos Vierra
carlredin.com,Carl Redin
carlsammonspaintings.com,Carl Sammons Paintings
carlvonhassler.com,Carl Von Hassler
carlwoolseypaintings.com,Carl Woolsey Paintings
catharinecritcher.com,Catharine Critcher
charlesberninghaus.com,Charles Berning House
charlesbirdking.com,Charles Bird King
charleshenryreynolds.com,Charles Henry Reynolds
charlesmarionrussell.com,Charles Marion Russell
charlesschreyvogel.com,Charle Schrevy Vogul
charlessurendorf.com,Charles Surendorf
conradbuffpaintings.com,Conrad Buff Paintings
corneliusbotke.com,Cornelius Botke
dalenicholspaintings.com,Dale Nichols Paintings
danabartlett.net,Dana Bartlett
datusmyers.com,Datus Myers
dawsondawsonwatson.com,Dawson Dawson Watson
doelreed.com,Doel Reed
donperceval.com,Don Perceval
dorothybrettpaintings.com,Dorthy Brett Paintings
eaburbank.com,Elbridge Ayer Burbank
edgarpayne.net,Edgar Payne
edgarsamuelpaxson.com,Edgar Samuel Paxson
edithhamlin.com,Edith Hamlin
edwardboreinart.com,Edward Borein Art
edwardhenrypotthast.com,Edward Henry Potthast
eicouse.com,Eanger Irving Couse
elblumenschein.com,E.L. Blumenschein
elliottorrey.com,Elliot Torrey
emartinhennings.com,E. Martin Hennings
emilbistram.com,Emil James Bisttram
ericsloanepaintings.com,Eric Sloane Paintings
ferdinandburgdorff.com,Ferdinand Burgdroff
franciscozunigaart.com,Francis Cozuniga Art
franksauerwein.com,Frank Sauerwein
franktenneyjohnson.net,Frank Tenney Johnson
franktolleschamberlain.com,Frank Tolles Chamberlin
frankvavra.com,Frank Vavra
frankwhiteside.com,Frank Whiteside
frederickohara.com,Frederick Ohara
fredericremingtonpaintings.com,Frederic Remington Paintings
fredharman.com,Fred Hardman
fremontellis.com,Fremot Ellis
fritioffpersson.com,Fritioff Persson
fritzscholderpaintings.com,Fritz Scholder Paintings
genekloss.net,Gene Kloss
georgeelbertburr.com,George Elbert Burr
georgiaokeeffepaintings.com,Georgie O'Keefe Paintings
geraldcassidy.com,Gerald Cassidy
gerardcurtisdelanopaintings.com,Gerald Curtis Delano Paintings
gunnarwidforsspaintings.com,Gunnar Mauritz Widforss
gustavebaumannprints.com,Gustave Baumann Prints
hansonputhuff.net,Hanson Puthuff
hanspaap.com,Hans Paap
haroldbuckweaverpaintings.com,Harold Buckweaver Paintings
haroldvonschmidt.com,Harold Von Schmidt
harrybest.com,Harry Best
helenhardinpaintings.com,Helen Hardin Paintings
henrybalink.com,Henry Balink
henryfarny.com,Henry Farny
herbertdunton.com,Herbert Dunton
hermanhansen.com,Herman Hansen
hernandovilla.com,Hernando Villa
homerboss.com,Homer Boss
howardnortoncook.com,Howard Norton Cook
ilamcafeepaintings.com,Ila McAfee Paintings
jackvanryderpaintings.com,Jack Van Ryder Paintings
jamesguilfordswinnerton.com,James Guilford Swinnerton
jessearmsbotkepaintings.com,Jessie Arms Botke
jessiebentonevanspaintings.com,Jessie Benton Evans
jhsharp.com,J. H. Sharp
joebeelerpaintings.com,Joe Beeler Paintings
johnjamesaudubon.com,John James Audubon
johnmarinpaintings.com,John Marin Paintings
johnsloanpaintings.com,John Sloan Paintings
josephfleck.com,Joseph Fleck
josephimhoffpaintings.com,Joseph Imhoff Paintings
josephkleitschart.com,Joseph Kleitschart
jozefbakos.com,Jozef Bakos
jrwillis.com,J. R. Willis
juliusrolshoven.com,Julius Rolshoven
kennethadamspaintings.com,Kenneth Adams Paintings
lavernenelsonblack.com,Laverne Nelson Black
lawrencehosmer.com,Lawrence Hosmer
leehersch.com,Lee Hersch
leolacoggins.com,Leola Hall Coggins
leonardreedy.com,Leonard Reedy
leongaspard.com,Leon Gaspard
lillianwilhelmsmith.com,Lillian Wilhelm Smith
lloydharting.com,Lloyd Harting
lloydmitchellpaintings.com,Lloyd Mitchell Paintings
louisakinpaintings.com,Louis Akin Paintings
lucydrakemarlow.com,Luck Drake Marlow
marjoriereedpaintings.com,Marjorie Reed Paintings
marsdenhartley.net,Marsden Hartley
maryrussellferrellcolton.com,Mary Russell Ferrell Colton
nellieknopf.com,Nellie Knopf
nickeggenhofer.com,Nick Eggen Hofer
nicolaifechinpaintings.com,Nicolai Fechin Paintings
normabassetthall.com,Norma Bassett Hall
nvorczk.com,Nvorczk: Maynard Dixon
odonhullenkremer.com,Odon Hullen Kremer
oeberninghaus.net,O. E. Berninghaus
olafseltzer.com,Olaf Seltzer
olafwieghorstpaintings.com,Olaf Wieghorst Paintings
oliverushpaintings.com,Olive Rush Paintings
paullauritzpaintings.com,Paul Lauritz Paintings
petemartinezpaintings.com,Pete Martinez Paintings
peterhurdpaintings.com,Peter Hurd Paintings
ralphgoltry.com,Ralph Goltry
ralphlovepaintings.com,Ralph Love Paintings
ralphpearsonpaintings.com,Ralph Pearson Paintings
ralphwaldoemersonmeyers.com,Ralph Waldo Emerson Meyers
randalldaveypaintings.com,Randall Davey Paintings
robertclunie.com,Robert Clunie
roberthenripaintings.com,Robert Henri Paintings
robertscriver.com,Robert Scriver
rollataylor.com,Rolla Taylor
rossstefanpaintings.com,Ross Stefan Paintings
rudolfcronau.com,Rudolf Cronau
russvickers.com,Russ Vickers
sheldonparsons.com,Sheldon Parsons
stefanhirschpaintings.com,Stefan Hirsch Paintings
theodorevansoelen.com,Theodore Van Soelen
thomashartbenton.net,Thomas Hart Benton
thomaslorainemckenney.com,Thomas Loraine McKenney
thomasmoranpaintings.com,Thomas Moran Paintings
victorclydeforsythe.com,Victor Clyde Forsythe
victorhiggins.com,Victor Higgins
waltermruk.com,Walter Mruk
walterufer.net,Walter Ufer
wardlockwood.com,Ward Lockwood
warrenrollins.com,Warren Rollins
werollins.com,W. E. Rollins
willardclark.com,Willard Clark
willardnashpaintings.com,Willard Nash Paintings
williamejohnsonpaintings.com,William E. Johnson Paintings
williamgollings.com,William Gollings
williamkeithpaintings.com,William Keith Paintings
williamkoerner.com,William Koerner
williampenhallowhenderson.com,William Penhallow Henderson
williamschaldach.com,William Schaldach
williamschuster.com,William Schuster
williamwendtpaintings.net,William Wendt Paintings
woodwoolseypaintings.com,Wood Woolsey Paintings
wrleighpaintings.com,W. R. Leigh Paintings
mariapolychrome.com,Maria Polychrome
mariapots.org,Maria Pots
mariapottery.org,Maria Pottery
martinhennings.com,Martin Hennings
maynarddixoncalifornia.com,Maynard Dixon: California
maynarddixoncatalograisonne.com,Maynard Dixon Catalog Raisonne
maynarddixonclouds.com,Maynard Dixon on Clouds
maynarddixoncottonwoods.com,Maynard Dixon Cottonwoods
maynarddixoncowboys.com,Maynard Dixon on Cowboys
maynarddixondepressionera.com,Maynard Dixon: Depression Era
maynarddixondocumentary.com,Maynard Dixon on Documentary
maynarddixonfoundation.com,Maynard Dixon Foundation
maynarddixonillustrations.com,Maynard Dixon on Illustrations
maynarddixonindians.com,Maynard Dixon on Indians
maynarddixoninstitute.net,Maynard Dixon Institute
maynarddixonlandscapes.com,Maynard Dixon Landscapes
maynarddixonmtcarmel.com,Maynard Dixon on Mt. Carmel
maynarddixonnevada.com,Maynard Dixon on Nevada
maynarddixonnewmexico.com,Maynard Dixon on New Mexico
maynarddixonpastels.com,Maynard Dixon on Pastels
maynarddixonpoetry.com,Maynard Dixon on Poetry
maynarddixonraisonne.com,Maynard Dixon on Raisonne
maynarddixonutah.com,Maynard Dixon on Utah
maynarddixonwatercolors.com,Maynard Dixon on Watercolors
medicinemancollection.com,Medicine Man Collection
medicinemangallery.mobi,Medicine Man Gallery
medicinemangallery.net,Medicine Man Gallery
medicinemanindianart.com,Medicine Man Indian Art
medmanart.com,Medicine Man Art
missionbaskets.com,Mission Baskets
monobaskets.com,Mono Baskets
nampeyo.com,Nampeyo
nativeamericanartfund.com,Native American Art Fund
navajoblanket.net,Navajo Blanket
nicholifechin.com,Nicolai Fechin
nicolaifechin.net,Nicolai Fechin
maynard-dixon.com,Maynard Dixon
maynarddixon.org,Maynard Dixon
maynarddixonarizona.com,Maynard Dixon on Arizona
maynarddixonbooks.com,Maynard Dixon Books
maynarddixondrawings.com,Maynard Dixon on Drawings
maynarddixondrawings.net,Maynard Dixon on Drawings
maynarddixondrawings.org,Maynard Dixon on Drawings
maynarddixonmuseum.com,Maynard Dixon on Museum
maynarddixonmuseum.org,Maynard Dixon on Museum
maynarddixonpainting.com,Maynard Dixon on Painting
maynarddixonpaintings.com,Maynard Dixon on Paintings
maynarddixonpaintings.org,Maynard Dixon on Paintings
abstractpaintingsart.net,Abstract Paintings Art
antiquesdealersdirectory.net,Antique Dealers Directory
artantiquefairs.com,Art Antique Fairs
artantiquesappraisers.com,Art Antique Appraisers
artantiquesauctionhouses.com,Art Antique Auction Houses
artantiquesauctions.com,Art Antique Auctions
artantiqueshows.com,Art Antique Shows
artappraiserdirectory.com,Art Appraiser Directory
artappraisersdirectory.com,Art Appraisers Directory
artbookscatalog.com,Art Books Catalog
artbooksforsale.net,Art Books For Sale
artcollectorgallery.com,Art Collector Gallery
artdealersdirectory.com,Art Dealers Directory
artframesdirectory.com,Art Frames Directory
artgalleriesdirectory.net,Art Galleries Directory
artistartworkdirectory.com,Artist Artwork Directory
artmuseumdirectory.net,Art Museum Directory
artmuseumsdirectory.com,Art Museum Directory
artservicessupplies.com,Art Services & Supplies
artweddingregistry.com,Art Wedding Registry
artworkdirectory.com,Artwork Directory
artworkdirectory.net,Artwork Directory
asianartdealers.net,Asian Art Dealers
asianartdealersdirectory.com,Asian Art Dealers Directory
askartgalleries.com,Ask Art Galleries
askartist.com,Ask an Artist
askartprices.com,Ask Art Prices
askindianart.com,Ask Indian Art
asknativeamericanart.com,Ask Native American Art
contemporarymodernart.net,Contemporary Modern Art
curtisphotographs.com,Curtis Photographs
curtisphotography.com,Curtis Photography
dealersantiques.com,Dealers & Antiques
earlywesternart.com,Early Western Art
folkartdealers.com,Folk Art Dealers
folkartdealers.net,Folk Art Dealers
goartcollector.com,Go Art Collector
gotgoodart.com,Got Good Art?
indianartmuseum.com,Indian Art Museum
interiordesigndesigners.com,Interior Design Designers
museumofthewest.com,Museum of the West
nativeamericanartcollection.com,Native American Art Collection
nativeamericanartdealers.net,Native American Art Dealers
nativeamericanartmuseum.com,Native American Art Museum
nativeamericansculpture.com,Native American Sculpture
oldindianart.com,Old Indian Art
onlygreatart.com,Only Great Art
onlysculpture.com,Only Sculpture
outsiderartdealers.com,Outsider Art Dealers
paintingswanted.com,Paintings Wanted
pawnnativeamericanjewelry.com,Pawn Native American Jewelry
photographydealers.net,Phtography Dealers
photographydealersdirectory.com,Photography Dealers Directory
printdealersdirectory.com,Print Dealers Directory
southwestartgalleries.com,Southwest Art Galleries
sportingpaintingsart.com,Sporting Painting Art
theindianmuseum.com,The Indian Museum
thenativeamerican.com,The Native American
thenativeamericanmuseum.com,The Native American Museum
viewwesternart.com,Western Art
wantedpaintings.com,Wanted Paintings
westernamericana.net,Western Americana
westernartdealers.net,Western Art Dealers
westernartistdirectory.com,Western Artist Directory
westernartistsdirectory.com,Western Artists Directory
wpapaintings.com,WPA Paintings