albuquerqueartgalleries.net,Albuquerque Art Galleries,"Albuquerque, NM"
alexandriaartgalleries.net,Alexandria Art Galleries,"Alexandria, VA"
annapolisartgalleries.com,Annapolis Art Galleries,"Annapolis, MD"
annarborartgalleries.com,Ann Arbor Art Galleries,"Ann Arbor, MI"
artgallerieschicago.com,Art Galleries Chicago,"Chicago, IL"
artgalleriesmaui.net,Art Galleries Maui,"Maui, HI"
ashevilleartgalleries.net,Asheville Art Galleries,"Asheville, NC"
aspenartgalleries.com,Aspen Art Galleries,"Aspen, CO"
atlantaartgalleries.net,Atlanta Art Galleries,"Atlanta, GA"
austinartgalleries.net,Austin Art Galleries,"Austin, TX"
austininteriordesign.net,Austin Interior Design,"Austin, TX"
austininteriordesigners.net,Austin Interior Designers,"Austin, TX"
baltimoreartgalleries.com,Baltimore Art Galleries,"Baltimore, MD"
baltimoreartgalleries.net,Baltimore Art Galleries,"Baltimore, MD"
banffartgalleries.net,Banff Art Galleries,"Banff, Canada"
beverlyhillsartgalleries.com,Beverly Hills Art Galleries,"Beverly Hills, CA"
biloxiartgalleries.com,Biloxi Art Galleries,"Biloxi, MS"
birminghamartgalleries.net,Birmingham Art Galleries,"Birmingham, UK"
boiseartgalleries.net,Boise Art Galleries,"Boise, ID"
bostonartgalleries.net,Boston Art Galleries,"Boston, MA"
boulderartgalleries.net,Boulder Art Galleries,"Boulder, NM"
bozemanartgalleries.com,Bozeman Art Galleries,"Bozeman, MT"
bridgeportartgalleries.net,Bridgeport Art Galleries,"Bridgeport, CT"
buffaloartgalleries.net,Buffalo Art Galleries,"Buffalo, NY"
calgaryartgalleries.net,Calgary Art Galleries,"Calgary, Canada"
carmelartgalleries.net,Carmel Art Galleries,"Carmel, CA"
chapelhillartgalleries.com,Chapel Hill Art Galleries,"Chapel Hill, NC"
charlestonartgalleries.net,Charleston Art Galleries,"Charleston, SC"
charlotteartgalleries.net,Charlotte Art Galleries,"Charlotte, NC"
cincinnatiartgalleries.net,Cincinnati Art Galleries,"Cincinnati, OH"
clevelandartgalleries.net,Cleveland Art Galleries,"Cleveland, OH"
codyartgalleries.com,Cody Art Galleries,"Cody, WY"
coeurdaleneartgalleries.com,Coeur d'Alene Art Galleries,"Coeur d'Alane, ID"
coloradospringartgalleries.com,Colorado Spring Art Galleries,"Colorado Springs, CO"
coloradospringsartgalleries.net,Colorado Springs Art Galleries,"Colorado Springs, CO"
columbusartgalleries.net,Columbus Art Galleries,"Colombus, OH"
dallasartgalleries.net,Dallas Art Galleries,"Dallas, TX"
dallasfortworthinteriordesign.com,Dallas/Fort Worth Interior Design,"Dallas, TX"
dallasfortworthinteriordesigners.com,Dallas/Fort Worth Interior Designers,"Dallas, TX"
denverartgalleries.net,Denver Art Galleries,"Denver, CO"
desmoinesartgalleries.net,Des Moines Art Galleries,"Des Moines, IA"
detroitartgalleries.net,Detroit Art Galleries,"Detroit, MI"
elpasoartgalleries.net,El Paso Art Galleries,"El Paso, TX"
eugeneartgalleries.com,Eugene Art Galleries,"Eugene, OR"
fortworthartgalleries.net,Fort Worth Art Galleries,"Fort Worth, TX"
fresnoartgalleries.com,Fresno Art Galleries,"Fresno, CA"
hamptonsartgalleries.com,Hamptons Art Galleries,"The Hamptons, NY"
historicanyonroadartgalleries.com,Historic Canyon Road Art Galleries,"Santa Fe, NM"
hollywoodartgalleries.com,Hollywood Art Galleries,"Hollywood, CA"
honoluluartgalleries.net,Honolulu Art Galleries,"Honolulu, HI"
houstonartgalleries.com,Houston Art Galleries,"Houston, TX"
houstoninteriordesign.net,Houston Interior Design,"Houston, TX"
houstoninteriordesigners.net,Houston Interior Designers,"Houston, TX"
huntingtonbeachartgalleries.com,Huntington Beach Art Galleries,"Huntington Beach, CA"
indianapolisartgalleries.net,Indianapolis Art Galleries,"Indianapolis, IN"
jacksonartgalleries.com,Jackson Art Galleries,"Jackson, TN"
jacksonholeartgalleries.net,Jackson Hole Art Galleries,"Jackson Hole, WY"
jacksonvilleartgalleries.net,Jacksonville Art Galleries,"Jacksonville, FL"
kansascityartgalleries.net,Kansas City Art Galleries,"Kansas City, KS"
laartgalleries.net,LA Art Galleries,"Los Angeles, CA"
lagunaartgalleries.net,Laguna Art Gallereis,"Laguna Beach, CA"
lagunabeachartgalleries.net,Laguna Beach Art Galleries,"Laguna Beach, CA"
lasvegasartgalleries.net,Las Vegas Art Galleries,"Las Vegas, CA"
lasvegasgalleries.net,Las Vegas Galleries,"Las Vegas, CA"
lincolnartgalleries.net,Lincoln Art Galleries,"Lincoln, NE"
losangelesartgalleries.net,Los Angeles Art Galleries,"Los Angeles, CA"
memphisartgalleries.net,Memphis Art Galleries,"Memphis, TN"
miamiartgalleries.net,Miami Art Galleries,"Miami, FL"
milwaukeeartgalleries.net,Milwaukee Art Galleries,"Milwaukee, WI"
minneapolisartgalleries.net,Minneapolis Art Galleries,"Minneapolis, MN"
montereyartgalleries.net,Monterey Art Galleries,"Monterey, CA"
montgomeryartgalleries.net,Montgomery Art Galleries,"Montgomery, AL"
nashvilleartgalleries.net,Nashville Art Galleries,"Nashville, TN"
newhopeartgalleries.com,New Hope Art Galleries,"New Hope, MN"
neworleansartgalleries.net,New Orleans Art Galleries,"New Orleans, LA"
newyorkcityartgalleries.net,New York City Art Galleries,"New York City, NY"
oaklandartgalleries.com,Oakland Art Galleries,"Oakland, CA"
oklahomacityartgalleries.net,Oklahoma City Art Galleries,"Oklahoma City, OK"
omahaartgalleries.net,Omaha Art Galleries,"Omaha, NE"
ontarioartgalleries.net,Ontario Art Galleries,"Ontario, CA"
orlandoartgalleries.net,Orlando Art Galleries,"Orlando, FL"
ottawaartgalleries.com,Ottawa Art Galleries,"Ottawa, Canada"
palmbeachartgalleries.net,Palm Beach Art Galleries,"Palm Beach, FL"
palmspringsartgalleries.net,Palm Springs Art Galleries,"Palm Springs, CA"
parkcityartgalleries.com,Park City Art Galleries,"Park City, UT"
philadelphiaartgalleries.net,Philadelphia Art Galleries,"Philadelphia, PA"
phoenixartgalleries.org,Phoenix Art Galleries,"Phoenix, AZ"
pittsburghartgalleries.net,Pittsburgh Art Galleries,"Pittsburgh, PA"
portlandartgalleries.net,Portland Art Galleries,"Portland, OR"
portsmouthartgalleries.com,Portsmouth Art Galleries,"Portsmouth, RI"
providenceartgalleries.com,Providence Art Galleries,"Providence, RI"
quebecartgalleries.com,Quebec Art Galleries,"Quebec, Canada"
richmondartgalleries.net,Richmond Art Galleries,"Richmond, VA"
sacramentoartgalleries.net,Sacramento Art Galleries,"Sacramento, CA"
saltlakecityartgalleries.net,Salt Lake City Art Galleries,"Salt Lake City, UT"
sanantonioartgalleries.net,San Antonio Art Galleries,"San Antonio, TX"
sandiegoartgalleries.net,San Diego Art Galleries,"San Diego, CA"
sanfranciscoartgalleries.net,San Francisco Art Galleries,"San Francisco, CA"
santabarbaraartgalleries.com,Santa Barbara Art Galleries,"Santa Barbara, CA"
santafeartgalleries.net,Santa Fe Art Galleries,"Santa Fe, NM"
santamonicaartgalleries.net,Santa Monica Art Galleries,"Santa Monica, CA"
savannahartgalleries.com,Savannah Art Galleries,"Savannah, GA"
scottsdaleartgalleries.net,Scottsdale Art Galleries,"Scottsdale, AZ"
scottsdaletucsoninteriordesign.com,Scottsdale/Tuscon Interior Design,"Scottsdale, AZ"
scottsdaletucsoninteriordesigners.com,Scottsdale/Tuscon Interior Designers,"Scottsdale, AZ"
seattleartgalleries.net,Seattle Art Galleries,"Seattle, WA"
sedonaartgalleries.net,Sedona Art Galleries,"Sedona, AZ"
spokaneartgalleries.com,Spokane Art Galleries,"Spokane, WA"
stlouisartgalleries.net,St. Louis Art Galleries,"St. Louis, MO"
sunvalleyartgalleries.com,Sun Valley Art Galleries,"Sun Valley, CA"
tacomaartgalleries.com,Tacoma Art Galleries,"Tacoma, WA"
tahoeartgalleries.com,Tahoe Art Galleries,"Tahoe City, CA"
tahoerenoartgalleries.com,Tahoe/Reno Art Galleries,"Reno, NV"
tampaartgalleries.net,Tampa Art Galleries,"Tampa, FL"
taosartgalleries.net,Taos Art Galleries,"Taos, NM"
thehamptonsartgalleries.com,The Hamptons Art Galleries,"The Hamptons, NY"
torontoartgalleries.net,Toronto Art Galleries,"Toronto, Canada"
tubacartgalleries.com,Tubac Art Galleries,"Tubac, AZ"
tucsonartgalleries.com,Tuscon Art Galleries,"Tuscon, AZ"
tulsaartgalleries.net,Tulsa Art Galleries,"Tulsa, OK"
vailartgalleries.com,Vail Art Galleries,"Vail, CO"
vancouverartgalleries.net,Vancouver Art Galleries,"Vancouver, WA"
virginiabeachartgalleries.net,Virginia Beach Art Galleries,"Virginia Beach, VA"
washingtonartgalleries.com,Washington Art Galleries,Washington
washingtonartgalleries.net,Washington Art Galleries,Washington
washingtondcartgalleries.net,"Washington, D.C. Art Galleries","Washington, D.C."
washingtondcartmuseums.net,Washington Art Museums,Washington
whistlerartgalleries.net,Whistler Art Galleries,"Whistler, Canada"
abudhabiartgalleries.com,Abu Dhabi Art Galleries,"Abu Dhabi, United Arab Emirates"
artgalleriesatlanta.com,Art Galleries Atlanta,"Atlanta, GA"
athensartgalleries.com,Athens Art Galleries,"Athens, Greece"
baselartgalleries.com,Basel Art Galleries,"Basel, Switzerland"
beijingartgalleries.com,Beijing Art Galleries,"Beijing, China"
berlinartgalleries.com,Berlin Art Galleries,"Berlin, Germany"
bilbaoartgalleries.com,Bilbao Art Galleries,"Bilbao, Spain"
brusselsartgalleries.com,Brussels Art Galleries,"Brussels, Belgium"
buenosairesartgalleries.com,Buenos Aires Art Galleries,"Buenos Aires, Argentina"
cairoartgalleries.com,Cairo Art Galleries,"Cairo, Egypt"
delhiartgalleries.com,Delhi Art Galleries,"Dehli, India"
dubaiartgalleries.com,Dubai Art Galleries,"Dubai, United Arab Emirates"
florenceartgalleries.net,Florence Art Galleries,"Florence, Italy"
genevaartgalleries.com,Geneva Art Galleries,"Geneva, Switzerland"
helsinkiartgalleries.com,Helsinki Art Galleries,"Helsinki, Finland"
hongkongartgalleries.com,Hong Kong Art Galleries,"Hong Kong, China"
johannesburgartgalleries.com,Johannesburg Art Galleries,"Johannesburg, South Africa"
londonenglandartgalleries.com,London Art Galleries,"London, UK"
londonsartgalleries.com,London's Art Galleries,"London, UK"
madridartgalleries.com,Madrid Art Galleries,"Madrid, Spain"
melbourneartgalleries.net,Melbourne Art Galleries,"Melbourne, Australia"
mexicocityartgalleries.com,Mexico City Art Galleries,"Mexico City, Mexico"
moscowartgalleries.net,Moscow Art Galleries,"Moscow, Russia"
mumbaiartgalleries.net,Mumbai Art Galleries,"Mumbai, India"
osloartgalleries.com,Oslo Art Galleries,"Oslo, Norway"
parisartgalleries.net,Paris Art Galleries,"Paris, France"
riodejaneiroartgalleries.com,Rio de Janerio Art Galleries,"Rio de Janerio, Brazil"
romeartgalleries.com,Rome Art Galleries,"Rome, Italy"
saopauloartgalleries.com,Sao Paulo Art Galleries,"Sao Paulo, Brazil"
singaporeartgalleries.com,Singapore Art Galleries,Singapore
stockholmartgalleries.com,Stockholm Art Galleries,"Stockholm, Sweden"
sydneyartgalleries.com,Sydney Art Galleries,"Sydney, Australia"
tokyoartgalleries.net,Tokyo Art Galleries,"Tokyo, Japan"
veniceartgalleries.com,Venice Art Galleries,"Venice, Italy"
zurichartgalleries.com,Zurich Art Galleries,"Zurich, Switzerland"
africanartdealers.net,African Art Dealers,Africa
africanartdealersdirectory.com,African Art Dealers Directory,Africa
americanpaintings.net,American Paintings,United States
anchorageartgalleries.net,Anchorage Art Galleries,"Anchorage, AK"
artofthegrandcanyon.com,Art of the Grand Canyon,"Grand Canyon, AZ"
californiaartistsdirectory.com,California Artists Directory,California
canadianartdealers.com,Canadian Art Dealers,"Vancouver, Canada"
canadianartgalleries.net,Canadian Art Galleries,"Vancouver, Canada"
canadianartistsdirectory.net,Canadian Artists Directory,"Vancouver, Canada"
canadianartwork.net,Canadian Artwork,"Vancouver, Canada"
canyonroadart.net,Canyon Road Art,"Santa Fe, NM"
canyonroadart.org,Canyon Road Art,"Santa Fe, NM"
canyonroadarts.com,Canyon Road Arts,"Santa Fe, NM"
canyonroadsculpture.com,Canyon Road Sculpture,"Santa Fe, NM"
fairbanksartgalleries.com,Fairbanks Art Galleries,"Fairbanks, AK"
floridaartistsdirectory.com,Flordia Artists Directroy,Flordia
grandcanyonart.net,Grand Canyon Art,"Grand Canyon, AZ"
grandcanyonartists.com,Grand Canyon Artists,"Grand Canyon, AZ"
illinoisartistsdirectory.com,Illinois Artists Directory,Illinois
indianartcollection.com,Indiana Art Collection,Indiana
littlerockartgalleries.net,Little Rock Art Galleries,"Little Rock, AR"
louisvilleartgalleries.net,Louisville Art Galleries,"Louisville, KY"
michiganartistsdirectory.com,Michigan Artists Directory,Michigan
montrealartgalleries.net,Montreal Art Galleries,"Montreal, Canada"
newportbeachartgalleries.net,Newport Beach Art Galleries,"Newport Beach, CA"
ohioartistsdirectory.com,Ohio Artists Directory,Ohio
palmdesertartgalleries.net,Palm Desert Art Galleries,"Palm Desert, CA"
pennsylvaniaartistsdirectory.com,Pennsylvania Artists Directory,Pennsylvania
santafesculptures.com,Santa Fe Sculptures,"Santa Fe, NM"
texasartistsdirectory.com,Texas Artists Directory,Texas